timestamp,open,high,low,close,volume,EMA_20,RSI_14,MACD_12_26_9,MACDh_12_26_9,MACDs_12_26_9,BBL_5_2.0,BBM_5_2.0,BBU_5_2.0,BBB_5_2.0,BBP_5_2.0,SMA_50,SMA_200,ATRr_10
2025-06-13 16:00:00,105503.6,106041.61,105353.73,105851.59,391.30332932,,,,,,,,,,,,,
2025-06-13 17:00:00,105851.59,105851.59,104932.12,105443.1,260.80842829,,,,,,,,,,,,,
2025-06-13 18:00:00,105443.09,105550.64,104699.57,105236.87,378.38062115,,,,,,,,,,,,,
2025-06-13 19:00:00,105240.81,105500.0,104942.28,105153.75,219.6500262,,,,,,,,,,,,,
2025-06-13 20:00:00,105164.62,105569.28,105055.36,105480.93,195.86684528,,,,,,104948.22089570168,105433.24799999999,105918.2751042983,0.9200648059297343,0.5491539540547766,,,
2025-06-13 21:00:00,105480.92,105848.85,105371.61,105669.7,101.67024475,,,,,,105029.88570627614,105396.87,105763.85429372385,0.6963855638670433,0.8717189055034827,,,
2025-06-13 22:00:00,105669.68,105911.03,105594.05,105805.36,106.94699146,,,,,,104973.88098798748,105469.322,105964.76301201252,0.939497860832982,0.8391301808412919,,,
2025-06-13 23:00:00,105805.36,106233.0,105805.36,106118.7,123.54346591,,,,,,105001.35251578079,105645.688,106290.0234842192,1.2198046061647225,0.867054129087109,,,
2025-06-14 00:00:00,106114.53,106264.36,105733.07,105860.44,257.279268,,,,,,105364.46850595213,105787.026,106209.58349404787,0.7988833981359286,0.5868686522356265,,,
2025-06-14 01:00:00,105860.12,105860.12,105481.69,105520.65,101.43743399,,,,,,105394.83060308936,105794.97,106195.10939691064,0.7564431407478881,0.15721945637201692,,,
2025-06-14 02:00:00,105520.94,105676.05,105373.01,105442.14,45.78827887,,,,,,105260.72155038324,105749.45800000001,106238.19444961679,0.9243289920535989,0.1855994675238689,,,481.82630977321804
2025-06-14 03:00:00,105442.14,105516.01,105251.34,105296.44,40.76293822,,,,,,105048.42146030076,105647.674,106246.92653969924,1.1344358413404205,0.20693991536833797,,,450.1796086531142
2025-06-14 04:00:00,105296.44,105475.47,105269.12,105425.45,59.96031904,,,,,,105129.25732540102,105509.024,105888.79067459899,0.7198752489625617,0.38996664848454915,,,416.1997249971794
2025-06-14 05:00:00,105425.46,105471.93,105300.33,105342.51,46.23724684,,,,,,105248.30921440052,105405.438,105562.56678559947,0.29814170612236196,0.29975661442326307,,,383.4033553734903
2025-06-14 06:00:00,105342.5,105394.92,105157.55,105157.55,58.42811447,,35.949656813205706,,,,105127.5510466345,105332.818,105538.0849533655,0.3897492866192926,0.07307302240728031,,,364.4682825177337
2025-06-14 07:00:00,105155.89,105200.89,104836.25,105126.03,77.51933537,,35.261799552516656,,,,105044.21982819837,105269.59599999999,105494.97217180161,0.4281885375557395,0.1814969416412787,,,364.4899064397431
2025-06-14 08:00:00,105126.03,105194.28,104914.98,105154.95,23.63858461,,36.463031380425974,,,,105001.44430379344,105241.298,105481.15169620655,0.4558166817869454,0.3199986046376421,,,354.0332822164734
2025-06-14 09:00:00,105156.18,105181.87,104894.75,104918.82,42.53584839,,31.348351294596867,,,,104870.66540226438,105139.972,105409.27859773561,0.5122820419537802,0.08940478647853883,,,346.002675045303
2025-06-14 10:00:00,104918.81,105173.68,104875.43,105054.4,65.78470169,,36.827614071752954,,,,104902.66804587014,105082.35,105262.03195412987,0.3419831287173554,0.4222236864704526,,,340.3840877262325
2025-06-14 11:00:00,105054.4,105157.94,104998.0,105130.39,84.09402411,105409.4885,39.731037463672,,,,104905.19199898696,105076.91799999999,105248.64400101302,0.3268577043971288,0.6556898771431607,,,319.5214453207444
2025-06-14 12:00:00,105130.38,105154.13,104788.0,105099.3,98.72920986,105379.94673809526,38.942440291862006,,,,104904.6987760726,105071.572,105238.4452239274,0.3176372462142203,0.5830810340551306,,,324.8273783794265
2025-06-14 13:00:00,105099.31,105186.06,104945.22,105074.09,49.94786111,105350.81752494333,38.2789686804192,,,,104909.64644745352,105055.4,105201.15355254647,0.27747941095170225,0.564115075322238,,,315.3967508054648
2025-06-14 14:00:00,105074.09,105125.8,104891.36,104973.96,48.45173241,105314.92633209159,35.678889550221996,,,,104960.88022549043,105066.428,105171.97577450957,0.20091627081786856,0.061961394119167186,,,306.4167515256826
2025-06-14 15:00:00,104973.95,105043.49,104680.39,104889.39,94.44465749,105274.39906236858,33.60283367905673,,,,104855.26307115139,105033.426,105211.58892884862,0.33924996190948714,0.09577449436073499,,,312.63631218572914
2025-06-14 16:00:00,104889.39,104966.07,104410.29,104500.9,150.4338623,105200.73248500015,26.09206540009199,,,,104474.30018198286,104907.528,105340.75581801715,0.8259232226254374,0.030699572962414826,,,339.0582662630456
2025-06-14 17:00:00,104500.88,104778.89,104444.0,104660.81,72.08003839,105149.3112959525,32.754767880163534,-314.11831540487765,,,104400.07149476171,104819.82999999999,105239.58850523827,0.8009143026434566,0.31058156295162986,,,338.6092013575405
2025-06-14 18:00:00,104660.81,105037.3,104377.14,104938.41,301.2894074,105129.22545824274,42.45334380713708,-293.3738013978291,,,104428.30106953086,104792.69399999999,105157.08693046912,0.695454838615231,0.6999435057815437,,,372.98535249729036
2025-06-14 19:00:00,104938.41,105096.07,104690.83,104706.36,112.01574562,105088.95255745771,37.57480262553854,-292.28879696041986,,,104421.36650541269,104739.174,105056.98149458731,0.6068550714125521,0.44837440815766577,,,376.4099571048297
2025-06-14 20:00:00,104706.35,105048.21,104351.72,104944.7,137.91957624,105075.21421865223,44.61479064208856,-269.0949183047924,,,104409.27705194926,104750.23599999999,105091.19494805072,0.6509941381912066,0.7851721609181453,,,410.185601762926
2025-06-14 21:00:00,104944.69,105523.1,104899.23,105382.68,158.20541309,105104.49667401868,54.72028774030798,-212.91789179903571,,,104414.63416276741,104926.59199999999,105438.54983723257,0.9758400181959169,0.9454351187056902,,,432.6102724352337
2025-06-14 22:00:00,105382.17,105545.42,105333.01,105477.75,79.77962025,105140.04460982642,56.5725484824613,-158.8942055988009,,,104505.32084418368,105089.98000000001,105674.63915581635,1.1126829709480095,0.8316205657111132,,,409.6154688326876
2025-06-14 23:00:00,105477.75,105536.65,105393.92,105465.42,49.72136351,105171.0327422239,56.251157127588606,-115.7407852926408,,,104569.46396620972,105195.38199999998,105821.30003379025,1.1900104774376226,0.7157135482778726,,,381.8683112141532
2025-06-15 00:00:00,105465.42,105728.48,105296.28,105695.89,79.72567713,105221.01914772639,60.74074531126058,-62.22707097536477,,,104899.1232107405,105393.28799999999,105887.45278925948,0.9377538145683282,0.8061751935558419,,,387.080448404121
2025-06-15 01:00:00,105695.89,105747.02,105423.52,105474.35,64.49765363,105245.14589556197,54.907696714221174,-37.26393786666449,157.8382536444939,-195.1021915111584,105290.44524645235,105499.21800000002,105707.9907535477,0.39578066549777324,0.44044241986218247,,,380.51965433161354
2025-06-15 02:00:00,105474.35,105688.82,105468.64,105527.78,42.59449688,105272.06342931798,56.00502422450405,-13.019045113527682,145.6665171181046,-158.68556223163228,105355.01800420308,105528.23799999998,105701.45799579688,0.3282912689149586,0.4986779817252704,,,364.02698082649295
2025-06-15 03:00:00,105527.79,105638.4,105512.78,105534.24,24.1769311,105297.03262652579,56.143985897127656,6.639934053338948,132.26039702797698,-125.62046297463803,105373.75247724855,105539.536,105705.31952275144,0.31416382719636793,0.4840273631779205,,,339.5741913991687
2025-06-15 04:00:00,105534.24,105629.08,105531.17,105620.25,29.91829056,105327.81523352335,58.04412688562083,28.827795975506888,123.55860716011594,-94.73081118460905,105414.08634073318,105570.50200000001,105726.91765926684,0.29632455336213065,0.6590249986260236,,,314.8507936772647
2025-06-15 05:00:00,105620.25,106150.99,105547.26,106115.74,65.26010342,105402.85568747351,66.93260296654348,85.40919439341815,144.11200446242177,-58.70281006900362,105183.82151849182,105654.472,106125.12248150817,0.8909239194497545,0.9900324318397645,,,344.33655461245024
2025-06-15 06:00:00,106126.56,106184.13,105469.75,105493.9,62.36600165,105411.5265743808,52.03387586259399,79.16055561095709,110.29069254396856,-31.130136933011478,105193.49247636684,105658.38200000001,106123.27152363319,0.8799860736712277,0.32309560482825106,,,382.02870566040406
2025-06-15 07:00:00,105493.9,105515.15,105254.85,105470.67,40.69983189,105417.15928158263,51.5720470130352,71.5096784382622,82.11185229701894,-10.602173858756744,105167.22720887573,105646.95999999999,106126.69279112425,0.908180966351064,0.31626229928242416,,,369.65257945806786
2025-06-15 08:00:00,105465.85,105533.06,105173.71,105236.83,37.56079019,105399.98506428905,47.04549798808807,46.04657320676779,45.318997652419625,0.7275755543481619,105004.04696518622,105587.478,106170.90903481378,1.1051140644040776,0.1994949025021262,,,368.6068649282041
2025-06-15 09:00:00,105236.83,105236.83,104900.02,104963.99,63.32258866,105358.46172483296,42.37235196803448,3.8070853677781997,2.46360785074403,1.3434775170341697,104693.58975112646,105456.226,106218.86224887353,1.4463560432620302,0.17727996097283774,,,365.3843094415044
2025-06-15 10:00:00,104963.99,105235.76,104955.92,105153.21,31.93084818,105338.91394151554,46.3523739521981,-14.235443114244845,-12.463136505023211,-1.7723066092216333,104865.13777259906,105263.72,105662.30222740094,0.7573021880681029,0.36137113950036853,,,356.72621938267224
2025-06-15 11:00:00,105153.21,105210.58,104936.25,105011.89,46.01301429,105307.76880422834,43.913050149072376,-39.482490294016316,-30.168146947835744,-9.314343346180571,104806.70349282662,105167.318,105527.93250717338,0.6857919628099239,0.28449563604872835,,,348.39684625277215
2025-06-15 12:00:00,105011.89,105341.94,104980.41,105329.32,70.98512414,105309.82129906374,50.24662674166073,-33.49094617224182,-19.341282260849,-14.149663911392821,104866.60750949995,105139.048,105411.48849050004,0.5182479691085676,0.8491991951174069,,,349.7230225367071
2025-06-15 13:00:00,105329.32,105693.79,105257.21,105565.67,99.69604158,105334.18784201005,54.37764596145738,-9.560922188844415,3.6709933780387267,-13.231915566883142,104763.3659907624,105204.81600000002,105646.26600923765,0.839220153643205,0.9087144551465345,,,358.4851962156825
2025-06-15 14:00:00,105565.68,105896.75,105335.88,105685.71,94.31975088,105367.666142771,56.35953404735195,18.872468934190692,25.683507600859066,-6.8110386666683755,104849.01317067894,105349.16,105849.30682932107,0.9495032125952664,0.836451198197998,,,378.8839119168417
2025-06-15 15:00:00,105685.73,105848.34,105560.0,105597.85,54.96896556,105389.58841488804,54.49359774690064,33.92549652136222,32.589228150424475,1.3362683709377432,104950.97985489882,105438.08800000002,105925.19614510122,0.9239699891014707,0.6639902777306222,,,369.7650535838739
2025-06-15 16:00:00,105597.86,105720.55,105355.31,105605.84,73.97835265,105410.18380394633,54.64067187976249,45.969942676325445,35.70693944431016,10.263003232015285,105315.99029324861,105556.878,105797.76570675138,0.45641309465666885,0.6016282662579637,,,369.309650639805
2025-06-15 17:00:00,105605.83,105818.46,105500.0,105719.55,79.30925362,105439.64725118954,56.781444802043715,63.95348376437323,42.95238442588636,21.001099338486874,105519.14056519192,105634.924,105750.70743480808,0.21921430985850782,0.8654495141739328,105342.1244,,364.1953992401948
2025-06-15 18:00:00,105719.5,105728.8,105492.03,105513.59,66.82176883,105446.68941774292,51.994783775949514,60.884480528344284,31.906704951885928,28.977775576458356,105479.89648599106,105624.508,105769.11951400894,0.27382189370091775,0.11649665049095229,105335.36439999999,,351.38684691676957
2025-06-15 19:00:00,105513.56,105611.91,105103.16,105333.91,106.04243895,105435.94852081503,48.17898536137678,43.452703286122414,11.579942167731247,31.872761118391168,105297.8833285684,105554.148,105810.41267143161,0.48556058911414257,0.07029191973741176,105333.18059999999,,367.1964936539441
2025-06-15 20:00:00,105333.93,105333.93,104615.66,104762.86,128.37000255,105371.84485216599,38.506843691335746,-16.253705701776198,-38.50117345613389,22.247467754357693,104713.72612076795,105387.15,106060.57387923203,1.2779999824115926,0.036480648182595735,105323.70040000002,,402.45101633535114
2025-06-15 21:00:00,104762.85,104861.08,104505.05,104814.61,113.25065809,105318.77486624543,39.688486265107564,-58.71879871848796,-64.77301317827653,6.054214459788563,104469.09223156265,105228.90400000001,105988.71576843737,1.4441122914999804,0.22737063493235074,105316.91760000002,,397.7914080777242
2025-06-15 22:00:00,104814.6,105393.0,104751.35,105284.87,170.13737628,105315.54583136491,49.23483907726362,-53.80639240714663,-47.88848549354815,-5.917906913598477,104544.4720521109,105141.968,105739.46394788909,1.1365508164905112,0.6195840745906838,105312.99639999999,,422.2600051863495
2025-06-15 23:00:00,105284.87,105641.29,105230.07,105599.25,76.86349156,105342.56527599684,54.42805489405023,-24.26571632383275,-14.678247528187416,-9.587468795645332,104516.73676991917,105159.1,105801.46323008084,1.2216978465598098,0.8426021130946453,105311.58739999999,,421.1526346593424
2025-06-16 00:00:00,105600.21,105796.91,105362.31,105448.09,127.98630505,105352.61524971142,51.689990167186245,-12.903127183628385,-2.652526710386441,-10.250600473241944,104508.95016435714,105181.93599999999,105854.92183564283,1.2796604839881347,0.6977411602918624,105304.44200000001,,422.5010644447624
2025-06-16 01:00:00,105442.18,105914.28,104982.26,105824.33,198.27984678,105397.54046402463,57.43028739533116,26.159677723160712,29.128222557122125,-2.9685448339614124,104714.32467482603,105394.23000000001,106074.135325174,1.290213563254805,0.8162940368866298,105298.5546,,473.57886655514164
2025-06-16 02:00:00,105824.32,105999.0,105691.06,105803.1,115.75586505,105436.16518173658,57.018584992468334,54.772762163265725,46.19304559778171,8.579716565484015,105178.52079108365,105591.928,106005.33520891635,0.7830280528950145,0.7554043512612447,105297.40779999999,,456.97815069297303
2025-06-16 03:00:00,105803.09,105999.0,105722.77,105935.25,78.91615688,105483.69706919024,58.989376321242815,87.10811023270071,62.822714933773355,24.285395298927355,105372.5833916552,105722.004,106071.42460834481,0.6610177543452694,0.8051422768252526,105305.6998,,438.8671738326092
2025-06-16 04:00:00,105940.18,106457.31,105886.3,106426.95,164.61739202,105573.5306816483,65.354718470621,150.6733190024097,101.11033896278587,49.562980039623824,105256.68343707336,105887.544,106518.40456292663,1.1915670891878247,0.9275160246961967,105325.396,,452.1052454003059
2025-06-16 05:00:00,106429.68,106821.98,106332.98,106597.74,132.68580784,105671.07442625322,67.25582455191305,212.38231938891113,130.25547147942984,82.12684790948128,105457.53410690655,106117.474,106777.41389309346,1.2437911838976772,0.8638710169109236,105351.42199999999,,455.8006975492924
2025-06-16 06:00:00,106597.74,106798.85,106525.01,106599.38,105.84065309,105759.48448089577,67.27439472864386,258.4403416929854,141.05079502680326,117.38954666618211,105596.87445849231,106272.48400000001,106948.09354150771,1.2714665472723865,0.7419267194410011,105374.90060000001,,437.57810338094083
2025-06-16 07:00:00,106599.62,107299.99,106599.62,107080.07,197.58109611,105885.25453033426,72.24325162664384,329.92613874952076,170.02927366667092,159.89686508284984,105792.32180365309,106527.878,107263.4341963469,1.3809647017410938,0.8753567726996493,105409.65179999999,,463.91579596027594
2025-06-16 08:00:00,107080.07,107257.62,106957.22,107197.94,86.9355933,106010.27219411195,73.31326006940657,391.57642261149886,185.3436460229192,206.23277658857967,106176.95824491156,106780.416,107383.87375508844,1.1302779623717563,0.8459430229203143,105450.4596,,447.54491479318176
2025-06-16 09:00:00,107197.94,107269.22,106895.03,106972.99,110.10761065,106101.95960419653,67.93112238401778,417.4707883425435,168.99040940317107,248.48037893937246,106393.4658206092,106889.62400000003,107385.78217939085,0.9283561132010832,0.5840115143343351,105487.39880000001,,440.20163123369224
2025-06-16 10:00:00,106976.42,107234.54,106750.0,106849.0,97.63692925,106173.10630855877,65.09449757548481,423.109954788888,139.70366067961243,283.40629410927556,106528.49404014222,106939.876,107351.25795985779,0.7693705570741132,0.3895479033263634,105521.2798,,444.63970649416814
2025-06-16 11:00:00,106856.72,106983.37,106577.52,106900.0,114.8117165,106242.33427917222,65.728419022694,426.77471534040524,114.69473698490373,312.0799783555015,106748.40987523264,107000.0,107251.59012476736,0.47026191545301116,0.30126405976294285,105560.9034,,440.7573989841471
2025-06-16 12:00:00,106900.0,106917.73,106600.01,106697.02,82.29412122,106285.63768115583,60.98154475315051,408.59030021309445,77.20825748607433,331.3820427270201,106594.55909682873,106923.38999999998,107252.22090317124,0.6150775862442374,0.1557957329787726,105593.7558,,428.4441341103114
2025-06-16 13:00:00,106697.01,107213.28,106506.75,107194.33,329.44912023,106372.17980676003,67.22658047844469,429.3584045980824,78.38108949684982,350.9773151012326,106596.24449805134,106922.66799999999,107249.09150194864,0.6105786697141741,0.9161189350311324,105635.03460000001,,456.272094486589
2025-06-16 14:00:00,107180.95,107868.12,106800.99,107574.63,745.60660541,106486.69887278289,71.04335818010036,471.0740601179714,96.07739601339102,374.99666410458036,106421.1803449249,107042.996,107664.8116550751,1.1618054021490598,0.9274852166079642,105684.54119999999,,517.396184093481
2025-06-16 15:00:00,107574.63,107762.74,107337.01,107478.21,323.0359275,106581.12850394643,68.85393672185867,490.69727672052977,92.5604900927595,398.1367866277703,106501.9562299204,107168.83800000002,107835.71977007964,1.2445441837852542,0.7319541588031802,105732.62359999999,,508.22439351998315
2025-06-16 16:00:00,107479.94,107955.0,107347.82,107816.53,311.59697009,106698.78578928486,72.1026679841408,527.4680899935338,103.46504269261078,424.003047300923,106585.2595354184,107352.144,108119.0284645816,1.4287268721556206,0.8027744213421776,105789.475,,518.1249790001141
2025-06-16 17:00:00,107816.53,108074.44,107657.93,107790.18,296.68609036,106802.72809506724,71.47732747520392,548.164105065036,99.3288462112904,448.8352588537456,107115.73485696268,107570.776,108025.81714303732,0.8460311619157987,0.7410814970878363,105847.4908,,507.9588374515725
2025-06-16 18:00:00,107790.17,108338.94,107724.06,108313.05,271.34632645,106946.56827648942,75.9370850536246,599.8424746502278,120.80577263718578,479.03670201304203,107216.39872220372,107794.52000000002,108372.64127779631,1.0726357477101687,0.9484612657542533,105923.73379999999,,518.6553510251404
2025-06-16 19:00:00,108313.04,108952.21,108313.04,108699.51,756.23359683,107113.51510729994,78.6003982221774,664.3241320215457,148.22994400680284,516.0941880147428,107154.45748066291,108019.496,108884.53451933709,1.6016340593499703,0.8930541731951516,106004.5078,,530.7112764762209
2025-06-16 20:00:00,108699.54,108900.0,108449.79,108845.46,339.56925449,107278.46223993803,79.52220810264512,718.9160387139127,162.25748055933593,556.6585581545768,107420.8377347387,108292.946,109165.0542652613,1.610646487096762,0.816769157000518,106082.64880000001,,522.6584673266076
2025-06-16 21:00:00,108840.72,108887.33,108367.6,108563.94,171.86294563,107400.88869327726,72.9909820990517,731.0372643137671,139.5029649273522,591.5342993864149,107701.9107568347,108442.428,109182.9452431653,1.3657334252333497,0.5820453548661509,106159.8004,,522.3655328042023
2025-06-16 22:00:00,108563.95,109000.0,107467.49,107735.9,472.60406942,107432.79453201275,57.92220209962721,666.1485691077978,59.69141577710627,606.4571533306915,107652.5355018145,108431.572,109210.6084981855,1.436918203464752,0.05350487325026388,106215.6244,,623.4072326532964
2025-06-16 23:00:00,107737.66,108045.0,106738.56,106853.38,321.34379562,107377.61219563059,46.82642320395755,537.3179552671354,-55.311358450844864,592.6293137179803,106640.53492029366,108139.63799999999,109638.74107970632,2.7725320843155195,0.0709908086333988,106245.0384,,691.7270939963927
2025-06-17 00:00:00,106853.38,107318.96,106147.24,107273.22,519.21329834,107367.67008176101,51.578614173193344,463.7505175826809,-103.10303690823957,566.8535544909205,106347.19708714541,107854.38,109361.5629128546,2.7948478547734346,0.3072032282733055,106280.9478,,739.7368735093531
2025-06-17 01:00:00,107273.22,107458.24,106967.63,107232.37,149.6047033,107354.78435968852,51.10008047627386,397.5686160625628,-135.4279507426861,532.9965668052489,106357.45525299363,107531.76200000002,108706.0687470064,2.184111420040496,0.3725239377346462,106316.2868,,714.819286686816
2025-06-17 02:00:00,107232.37,107626.02,106600.36,107517.68,168.80000144,107370.29823019437,54.28988991757089,363.94577451757505,-135.24063383013907,499.1864083477141,106729.47016889196,107322.50999999998,107915.549831108,1.1051546056983215,0.6645504987711889,106352.7226,,745.9088597640839
2025-06-17 03:00:00,107517.69,107792.9,107391.45,107630.24,129.84819682,107395.05458922348,55.52256357853169,342.4347075006517,-125.40136067764996,467.8360681783017,106763.83250032148,107301.378,107838.92349967851,1.0019358738869355,0.8058922455835735,106395.84039999999,,711.4574867894745
2025-06-17 04:00:00,107630.25,107764.13,107333.35,107362.47,86.02713287,107391.95129501172,51.93454488672194,300.3183477865532,-134.01417631339882,434.332524099952,107103.34343073191,107403.196,107703.04856926808,0.5583680568836799,0.43208995991029214,106432.53420000002,,683.3857142712195
2025-06-17 05:00:00,107361.57,107438.64,107066.0,107150.71,83.85353828,107368.97593358203,49.22534736707117,247.00623293605167,-149.8610329311203,396.86726586717197,107025.14837780017,107378.69399999999,107732.2396221998,0.6585023695665687,0.17757485076264096,106464.86360000001,,652.3071334893837
2025-06-17 06:00:00,107150.68,107274.04,106744.01,106868.23,128.13165699,107321.28584466946,45.79358326927546,179.88857904536417,-173.58294945744626,353.47152850281043,106762.6265845517,107305.86600000001,107849.10541544831,1.0125064653004234,0.09719785829710356,106489.8232,,640.0780002609478
2025-06-17 07:00:00,106869.9,106910.74,106501.0,106792.45,108.469901,107270.92052612951,44.889466222077054,119.20838207635097,-187.41051714116753,306.6188992175185,106539.57902517579,107160.81999999999,107782.0609748242,1.1594554331036404,0.2035208438205209,106503.35740000001,,617.041793050801
2025-06-17 08:00:00,106792.45,106862.77,106518.08,106586.8,94.4189887,107205.76619030765,42.440625158677555,53.903288928835536,-202.17248823094639,256.0757771597819,106405.27490475083,106952.13200000001,107498.9890952492,1.0226202788536956,0.16597123528813448,106525.21539999999,,589.8040521421789
2025-06-17 09:00:00,106592.24,106719.83,106081.16,106188.35,170.328884,107108.86941027836,38.10342044175231,-29.66113776997372,-228.58953194380453,198.9283941738308,106076.62713237229,106717.308,107357.98886762772,1.2007065763460116,0.08719073197971257,106539.56899999999,,594.6910605716741
2025-06-17 10:00:00,106188.35,106281.32,105763.36,105970.34,181.46670331,107000.4380378709,35.93928306701006,-112.18493489560205,-248.89066325554631,136.70572835994426,105785.78640328548,106481.23400000001,107176.68159671454,1.3062350436594794,0.13268691817067904,106554.2392,,587.0173699531064
2025-06-17 11:00:00,105970.33,105983.67,105515.89,105659.83,157.5092051,106872.7610818832,33.05924850686371,-200.33189919749566,-269.63010204595196,69.29820284845628,105421.04231899856,106239.554,107058.06568100145,1.540879362128053,0.14586699649129437,106568.15600000002,,575.0928154149484
2025-06-17 12:00:00,105659.35,105887.83,105454.59,105540.7,166.51073547,106745.89812170385,31.999738759126355,-276.6131743719452,-276.7291017763212,0.11592740437598792,105237.25770993959,105989.204,106741.15029006041,1.4189110997765624,0.20177125286171202,106575.90580000001,,560.906658535768
2025-06-17 13:00:00,105540.7,105794.13,105208.38,105373.47,298.76000241,106615.19068154157,30.52100969876531,-346.56570421662764,-277.3453052968029,-69.22039891982473,105157.06198136702,105746.53800000002,106336.01401863301,1.1148847608287562,0.1835596460182002,106583.1374,,563.3911306530937
2025-06-17 14:00:00,105373.31,105724.72,104783.25,104861.0,467.76248562,106448.12490234715,26.48234696711429,-438.3031483488885,-295.266199543251,-143.0369488056375,104748.42316256293,105481.068,106213.71283743707,1.3891494489552696,0.07682906620272031,106573.77100000001,,601.2009073188362
2025-06-17 15:00:00,104861.0,104986.45,104133.12,104246.81,779.46914687,106238.47586402837,22.61924803396328,-554.1775202661956,-328.9124571684465,-225.26506309774913,104092.9617275528,105136.36200000001,106179.76227244722,1.9848513922275688,0.07372447396738718,106547.3938,,626.4149507641031
2025-06-17 16:00:00,104250.0,104505.31,103500.0,103643.33,892.39557858,105991.31911507329,19.594686029471095,-686.7877259533707,-369.2181302844972,-317.5695956688735,103318.07747240172,104733.062,106148.04652759829,2.7020780268952334,0.11493147849126781,106506.5462,,664.3059896596455
2025-06-17 17:00:00,103643.32,104266.67,103363.3,103822.11,706.94050093,105784.72777078059,22.884466595726206,-768.5963175777579,-360.82137752710753,-407.77494005065034,103096.41844721118,104389.344,105682.26955278881,2.477121712324998,0.2806393420036894,106471.0314,,688.2132617644496
2025-06-17 18:00:00,103822.16,104452.0,103625.17,104448.32,375.15618353,105657.45084023006,33.194912846948306,-773.9783615275956,-292.9627371815561,-481.01562434603943,103330.991935001,104204.314,105077.636064999,1.6761725718937053,0.6396998941050969,106447.881,,702.0753901528462
2025-06-17 19:00:00,104441.64,105377.0,104433.12,104705.02,1317.3103646,105566.74314116052,36.91822990773586,-748.8973035221716,-214.30534334090567,-534.5919601812659,103389.29744386354,104173.118,104956.93855613646,1.5048422686867438,0.8393008743109567,106427.59040000002,,726.2565647884788
2025-06-17 20:00:00,104705.02,104926.69,104266.12,104388.35,218.57664347,105454.51522295475,34.37312744881351,-745.9738842470106,-169.1055392525957,-576.8683449944149,103399.00171376852,104201.426,105003.85028623149,1.5401407006301158,0.6164745404690273,106405.0856,,719.6877338322923
2025-06-17 21:00:00,104388.35,104866.04,104279.71,104591.9,199.30681897,105372.36139219716,37.36228742222726,-718.9447223163734,-113.66110185756679,-605.2836204588066,103780.63351558051,104391.14,105001.64648441949,1.1696519157075702,0.6644208580281437,106390.24540000001,,706.3516416463241
2025-06-17 22:00:00,104586.01,104773.8,104222.06,104253.55,180.64663112,105265.80792627361,34.54559224744862,-716.5658094383252,-89.02575118361483,-627.5400582547104,104162.7148202596,104477.428,104792.1411797404,0.6024520047342665,0.14431422893590115,106380.0592,,690.8901448317149
2025-06-17 23:00:00,104253.55,104758.25,104236.76,104590.44,107.61131804,105201.48717139041,39.441029608198725,-679.661580722619,-41.697217974326804,-637.9643627482922,104181.27190267063,104505.852,104830.43209732937,0.6211711423191234,0.6303037381157848,106375.5758,,673.9498023282912
2025-06-18 00:00:00,104590.44,104889.94,104389.78,104856.06,122.78373596,105168.5893455437,43.05719897226649,-621.8135202676058,12.920673984549126,-634.7341942521549,104126.07908903174,104536.06,104946.04091096825,0.7843817931692734,0.8902620725002227,106366.99960000001,,656.5705192278461
2025-06-18 01:00:00,104853.71,105221.11,104701.88,104817.94,156.2055723,105135.19416977765,42.66346471337677,-572.44568349779,49.83080860349196,-622.276492101282,104192.24877280869,104621.97799999999,105051.70722719129,0.8214893952612958,0.7280063672662151,106351.37340000001,,642.8362518935102
2025-06-18 02:00:00,104817.94,105120.0,104710.38,104872.56,117.99647319,105110.18139170359,43.461251988615395,-522.8864303761657,79.512049380093,-602.3984797562587,104207.39424169307,104678.11,105148.82575830694,0.899358535049849,0.7065471535299697,106339.86279999999,,619.5142974957326
2025-06-18 03:00:00,104872.57,105279.5,104862.88,105207.65,94.98642722,105119.46411630325,48.22119885520996,-451.3683097780304,120.82413598258267,-572.192445760613,104473.89409034287,104868.93000000001,105263.96590965714,0.7533897974493183,0.9287205184637192,106327.5292,,599.2246099812057
2025-06-18 04:00:00,105206.53,105541.07,105077.53,105479.87,87.62888791,105153.78848617914,51.77331055095642,-368.476240252101,162.97296440680964,-531.4492046589106,104531.0326571759,105046.81599999999,105562.59934282408,0.9820066185044289,0.9198022348190711,106321.06459999998,,585.6559938420899
2025-06-18 05:00:00,105479.85,105603.63,105400.76,105437.95,62.81098721,105180.85148749541,51.19092110693582,-302.6771972873248,183.01760589726865,-485.69480318459347,104610.80331874722,105163.19399999999,105715.58468125276,1.0505399469947085,0.7486971715171653,106311.11859999999,,547.3770005505753
2025-06-18 06:00:00,105438.52,105564.01,104914.33,104990.27,92.8184285,105162.7008696387,45.326910117261725,-283.3882924313075,161.84520860262882,-445.2335010339363,104719.17723926673,105197.66,105676.14276073327,0.9096832776190458,0.2832837282557721,106282.385,,557.6073952431628
2025-06-18 07:00:00,104990.27,105035.9,104731.26,104996.51,74.10120502,105146.87316776835,45.42075938761623,-264.5486285990337,144.54789794792214,-409.09652654695583,104804.95194501178,105222.45,105639.94805498821,0.7935531913355308,0.22941191306103303,106250.3604,,532.3104448624808
2025-06-18 08:00:00,104996.5,105336.17,104749.75,104977.93,85.60117792,105130.7833422666,45.17211793284652,-248.2555742734694,128.67276181878918,-376.9283360922586,104714.42590554137,105176.50600000001,105638.58609445865,0.8786754989914518,0.2851281602676883,106217.93139999999,,537.7214409680297
2025-06-18 09:00:00,104982.22,105159.7,104585.56,104707.41,98.49061359,105090.46207157454,41.60132502847094,-254.2411804369185,98.14972452427207,-352.3909049611906,104552.47808655487,105022.014,105491.54991344512,0.8941666524222783,0.16498409281236173,106170.4782,,541.3633214595693
2025-06-18 10:00:00,104707.42,104829.36,104191.62,104288.91,178.46662272,105014.12377904363,36.76013554859885,-289.4180379104364,50.378293640603374,-339.79633155103977,104243.78273140673,104792.206,105340.62926859329,1.046687133570373,0.04114273698582368,106112.29759999999,,551.001047876256
2025-06-18 11:00:00,104284.0,104887.76,104205.54,104858.58,142.64456159,104999.31008580138,45.976147670845954,-268.23628193771583,57.24803969065914,-325.48432162837497,104246.1235932167,104765.868,105285.6124067833,0.992201786145271,0.5891899929946286,106070.0094,,564.1230148494725
2025-06-18 12:00:00,104858.58,104932.84,104500.0,104539.48,117.84315297,104955.51674429649,42.260969068471745,-274.03933601107565,41.15598849383946,-315.1953245049151,104189.53040014036,104674.462,105159.39359985964,0.9265518839918051,0.36082367076194627,106023.81899999999,,550.9946487482713
2025-06-18 13:00:00,104534.02,104579.95,103837.75,104460.85,346.89943149,104908.40562579206,41.37377541740564,-281.7354115840717,26.767930336674738,-308.50334192074644,104177.08028076247,104571.046,104965.01171923753,0.7534891048857457,0.360145192057235,105975.036,,570.115268571915
2025-06-18 14:00:00,104460.86,105348.75,104233.5,104646.82,358.65862936,104883.49270904997,44.34946494664129,-269.7192267870414,31.027292106964012,-300.7465188940054,104179.00846759566,104558.928,104938.84753240434,0.7267089280110818,0.6156718627281128,105934.032,,624.6289590457332
2025-06-18 15:00:00,104646.82,105014.67,104161.37,104823.0,269.08380409,104877.73149866426,47.0893790375536,-243.17686859237438,46.05572024130481,-289.2325888336792,104355.65254425732,104665.746,104975.83945574268,0.5925404778420647,0.7535590433912479,105886.60540000001,,647.4961451897933
2025-06-18 16:00:00,104823.25,104876.98,104366.46,104446.91,149.89159488,104836.70087974386,42.30149937391032,-249.61180882625922,31.696624005935973,-281.3084328321952,104304.83383189926,104583.412,104861.99016810073,0.5327387255270188,0.25500233752949164,105824.05099999999,,633.798486437703
2025-06-18 17:00:00,104446.92,104540.93,103627.0,104366.33,330.57581835,104791.90365310159,41.331826991846455,-258.2368838377006,18.457239195595662,-276.69412303329625,104218.684275951,104548.782,104878.87972404901,0.6314711998251741,0.22363941537973184,105761.8134,,661.8117192093903
2025-06-18 18:00:00,104356.73,104732.42,103591.08,103641.86,399.06583191,104682.37568613954,33.82459697886275,-319.84402940122527,-34.51992509434319,-285.3241043068821,103576.61171560735,104384.98400000001,105193.35628439268,1.5488286790227723,0.04035781882457586,105678.32,,709.7646727184771
2025-06-18 19:00:00,103641.85,104475.67,103512.38,103818.67,598.65887569,104600.11800174529,36.839754660883216,-350.3622884107899,-52.030547283126225,-298.3317411276637,103355.95645128093,104219.35399999999,105082.75154871905,1.6568852436353845,0.26796088858808476,105598.8898,,735.1172651296823
2025-06-18 20:00:00,103818.67,105042.08,103645.68,104840.57,421.42391881,104623.01819205526,50.79428538044553,-288.7607843480946,7.656765423655315,-296.4175497717499,103349.5853455163,104222.868,105096.1506544837,1.6757985483256914,0.8536667062081982,105529.44020000001,,801.2456787235345
2025-06-18 21:00:00,104840.58,105179.99,104391.81,105116.71,295.58695493,104670.03645947856,53.76684493440676,-215.1785143918678,64.9912283039057,-280.1697426957735,103221.11305742763,104356.82800000001,105492.54294257239,2.176599201678258,0.8345390517971336,105457.7842,,799.9391083597644
2025-06-18 22:00:00,105115.93,105183.0,104823.33,104855.27,190.62049259,104687.67774905203,50.647249449000604,-175.93202352141088,83.3901753394901,-259.322198860901,103250.33954897465,104454.61600000001,105658.89245102537,2.3058367301361997,0.6663463566271949,105377.98039999999,,755.9121219667107
2025-06-18 23:00:00,104853.65,105005.0,104656.4,104915.6,125.30062924,104709.3846300947,51.34874313882505,-138.36577542037412,96.7651387524215,-235.13091417279563,103797.09060750497,104709.364,105621.63739249503,1.7424867416729413,0.6130340979451113,105305.0136,,715.1808468590234
2025-06-19 00:00:00,104915.6,105266.61,104705.43,104995.97,131.83721973,104736.67847484758,52.32100845696973,-100.9454297523771,107.34838753633485,-208.29381728871195,104741.0524260881,104944.824,105148.59557391188,0.3883403985924769,0.6254983681436452,105250.215,,699.7807407656726
2025-06-19 01:00:00,104995.97,105013.42,104496.36,104649.11,157.18135273,104728.33862010018,47.874305197603306,-98.14686343412905,88.11756308366634,-186.26442651779539,104595.21215819336,104906.532,105217.85184180665,0.5935185080880299,0.08656345431415631,105206.12960000001,,681.5086438293218
2025-06-19 02:00:00,104649.12,105070.74,104490.77,104742.32,200.17699382,104729.67018009064,49.125585022767176,-87.40021616559534,79.09136828176003,-166.49158444735536,104585.22791417615,104831.65400000001,105078.08008582387,0.47013678869143055,0.31874078042237364,105155.5116,,671.3547680134459
2025-06-19 03:00:00,104742.31,105138.04,104742.31,105129.91,81.55355069,104767.78825817724,54.06361928483079,-47.06560401884781,95.54078434280606,-142.60638836165387,104541.07278752877,104886.58200000001,105232.09121247125,0.6588244289841366,0.8521295398458429,105113.4624,,643.792263281041
2025-06-19 04:00:00,105129.91,105137.48,104816.94,105109.79,95.54455172,104800.35985263655,53.77184320127976,-16.533066251242417,100.85865768832917,-117.39172393957159,104534.87311615823,104925.42,105315.96688384177,0.7444275826425528,0.7360408028177886,105065.3046,,611.467007471189
2025-06-19 05:00:00,105108.62,105247.99,104850.34,104919.13,72.29029611,104811.67129524259,50.96490966815588,-7.632496020203689,87.80738233549432,-95.43987835569801,104525.82293282457,104910.052,105294.28106717543,0.7324923777092988,0.5118132655433169,105011.0824,,590.0852891732936
2025-06-19 06:00:00,104919.14,105011.06,104643.73,104733.6,41.71962778,104804.23593379091,48.32154398767148,-15.372248733532615,64.05410369773232,-79.42635243126493,104585.00633329667,104926.95,105268.89366670333,0.6517747188941062,0.21727799221422378,104958.505,,567.8097437999519
2025-06-19 07:00:00,104733.61,104892.46,104636.53,104662.53,41.00761812,104790.74013057274,47.309290509674696,-26.93037694216764,41.99678039127784,-68.92715733344548,104530.76759291583,104910.992,105291.21640708417,0.7248514189707973,0.1732692649777769,104908.74139999998,,536.6217486838979
2025-06-19 08:00:00,104662.53,105016.0,104648.35,104761.56,40.88693329,104787.96107051818,48.91514355389534,-27.77916255359014,32.918395823884275,-60.697558377474415,104517.34482946673,104837.322,105157.29917053327,0.6104260666507063,0.38161342905536205,104866.60800000001,,519.7245637044718
2025-06-19 09:00:00,104758.09,105053.64,104741.63,105025.78,49.32587286,104810.6104923736,53.02844277914815,-7.05021495508845,42.917874737908775,-49.968089692997225,104555.41955443555,104820.51999999999,105085.62044556443,0.5058178409426769,0.887136278784776,104831.27459999999,,498.95309614760794
2025-06-19 10:00:00,105011.45,105100.0,104867.77,104941.84,43.82500326,104823.10854071897,51.60679192921665,2.5746894591720775,42.034223321735446,-39.45953386256337,104552.68098850605,104825.062,105097.44301149396,0.5196868120983418,0.7143651632679666,104798.3754,,472.28077360497196
2025-06-19 11:00:00,104941.85,104942.75,104750.0,104802.4,33.46167067,104821.13629874573,49.24496016989516,-1.0371910078101791,30.73787428380255,-31.77506529161273,104579.6836584477,104838.822,105097.9603415523,0.4943556911623853,0.4297247952930675,104770.6564,,444.3276840506871
2025-06-19 12:00:00,104802.39,104946.45,104689.06,104775.18,83.67011625,104816.75950838899,48.77568143872671,-6.026588057357003,20.598781787404583,-26.625369844761586,104652.7868437958,104861.352,105069.9171562042,0.397792231792327,0.29341707510425225,104746.7532,,425.63390830642464
2025-06-19 13:00:00,104775.19,104822.79,104261.8,104304.63,105.88034442,104767.9852694948,41.42634629653923,-47.40373289039417,-16.622690436506062,-30.781042453888105,104269.88743215846,104769.96599999999,105270.04456784151,0.9546219912709085,0.03473710940213247,104719.6492,,439.1695222584663
2025-06-19 14:00:00,104304.62,104711.11,104121.84,104171.72,143.38616184,104711.1981009715,39.61084974001594,-89.88401749874174,-47.28238003588291,-42.60163746285883,103993.07018090041,104599.15400000001,105205.23781909961,1.1588694476431425,0.14738045586251947,104692.26960000001,,454.17957480591815
2025-06-19 15:00:00,104174.55,104489.58,104100.0,104127.74,183.31006533,104655.63066278373,39.00175451747705,-125.65034854518308,-66.4389688658594,-59.211379679323684,103848.85280199084,104436.334,105023.81519800916,1.1250513600164511,0.23735840308953615,104667.355,,447.7196154764469
2025-06-19 16:00:00,104127.73,104459.5,103949.28,104033.85,122.10405678,104596.41345680432,37.6700258471222,-159.7302905497054,-80.41512869630536,-79.31516185340003,103760.11242621984,104282.624,104805.13557378015,1.0021066861151353,0.2619440291052176,104650.81199999999,,453.96965553872184
2025-06-19 17:00:00,104029.62,104861.57,103916.37,104535.56,148.67650666,104590.61788948963,47.90616216015866,-144.5883614586637,-52.218559684210945,-92.36980177445277,103886.95918962796,104234.7,104582.44081037203,0.6672265768924115,0.9325923087343698,104656.58700000001,,503.0927013728953
2025-06-19 18:00:00,104538.64,104734.49,104311.3,104409.99,96.07526534,104573.41523334775,45.87549969258815,-141.0942761428014,-38.97957949467889,-102.1146966481225,103881.85134287846,104255.77200000001,104629.69265712156,0.7173140631898006,0.7062175451701016,104671.9202,,495.10242956848197
2025-06-19 19:00:00,104410.0,104499.18,104138.95,104269.56,97.58582047,104544.4766396956,43.64725938477936,-147.95122609596,-36.669223558270005,-111.28200253769,103910.94278881662,104275.34,104639.73721118337,0.6989134941844771,0.4920690940783707,104680.8692,,481.615184079001
2025-06-19 20:00:00,104275.19,104538.61,104161.98,104300.81,67.43859001,104521.27029305793,44.29566242371643,-149.14454898126132,-30.290037154857046,-118.85451182640428,103976.66256558527,104309.954,104643.24543441473,0.6390405165258312,0.4862822757265613,104677.91900000001,,471.1166638968323
2025-06-19 21:00:00,104294.27,104449.27,104236.47,104349.62,66.44229611,104504.92264610002,45.3533012844522,-144.48616037024476,-20.505318835072373,-123.98084153517239,104184.9552759106,104373.10800000001,104561.26072408941,0.3605387013854307,0.4375826204119929,104670.811,,445.28499357810983
2025-06-19 22:00:00,104351.01,104800.0,104351.01,104620.34,92.43270971,104515.91477504288,50.91944099763202,-117.59396233744337,5.109503358183218,-122.70346569562659,104140.99005223693,104390.06399999998,104639.13794776304,0.47719857277423633,0.9622643236439047,104675.4508,,445.7944942900456
2025-06-19 23:00:00,104617.7,104919.39,104480.78,104671.9,81.15666102,104530.7705107531,51.92381943574302,-91.0714258463704,25.305631879404956,-116.37705772577536,104104.37807177508,104442.446,104780.51392822491,0.6473765048070943,0.8393607923780053,104677.0508,,445.07604477252636
2025-06-20 00:00:00,104671.4,104857.11,104583.95,104715.34,64.7493371,104548.34855734804,52.800193843435174,-65.7885106371541,40.47083767089701,-106.25934830805112,104187.8578978799,104531.60199999998,104875.34610212006,0.6576845576710465,0.7672598582299854,104686.2866,,427.88443838903265
2025-06-20 01:00:00,104720.22,104822.01,104406.53,104807.97,59.14767793,104573.07440902918,54.69662389034564,-37.840944468814996,54.7347230713889,-92.5756675402039,104324.00703584577,104633.034,104942.06096415423,0.5906871899637841,0.7830432620641747,104690.63719999998,,426.64399442634027
2025-06-20 02:00:00,104807.97,104830.0,104516.13,104654.78,61.38928428,104580.85589388355,51.044001626761414,-27.733752234722488,51.87353224438513,-79.60728447910762,104564.76960030376,104694.06599999999,104823.36239969623,0.24699852558259666,0.34807774968100424,104686.6116,,415.3665939708317
2025-06-20 03:00:00,104654.76,104728.48,104516.44,104618.04,56.36427106,104584.39723732321,50.17852459295887,-22.429783934683655,45.74200043553917,-68.17178437022282,104563.25165118721,104693.606,104823.96034881279,0.2490206494803335,0.21015159567660147,104682.6136,,395.03393293019684
2025-06-20 04:00:00,104618.05,104638.27,104250.0,104275.83,67.64881058,104555.00988138767,42.88475564459602,-45.31744656075898,18.283470247571074,-63.600916808330055,104252.25206342524,104614.39199999999,104976.53193657474,0.6923329183517107,0.0325536266419097,104670.679,,394.3575395879701
2025-06-20 05:00:00,104275.83,104617.9,104271.15,104617.65,58.66968775,104560.97560696979,50.60769869752596,-35.465245523519116,22.508537027848753,-57.97378255136787,104246.32208958956,104594.854,104943.38591041045,0.66644179341833,0.5327028879122464,104658.87899999999,,389.5967853174638
2025-06-20 06:00:00,104617.65,104789.52,104617.65,104743.49,51.65633723,104578.35793011553,53.12083796775418,-17.303603736232617,32.53614305210821,-49.839746788340825,104262.350975449,104581.958,104901.565024551,0.6112087221602898,0.7527040828137805,104644.1514,,367.82410550271334
2025-06-20 07:00:00,104743.49,105848.76,104656.2,105837.99,255.70220942,104698.32288915214,68.25160181906658,84.43333616817836,107.41846636521535,-22.98513019703699,103752.76625191429,104818.6,105884.43374808572,2.0336729322576628,0.978212480056514,104652.15220000001,,450.29769932639283
2025-06-20 08:00:00,105837.99,106553.86,105810.13,105980.34,377.71632971,104820.41975685193,69.62477981885155,174.53511716258072,158.01619788769418,16.518919274886553,103717.52580553718,105091.05999999998,106464.59419446278,2.6139886579558755,0.8237196436699622,104671.9536,,479.64093079433803
2025-06-20 09:00:00,105980.37,106106.08,105770.75,105961.74,90.69300061,104929.11692286603,69.20359391926816,241.6549157518166,180.10879718154402,61.54611857027257,104200.7989885071,105428.242,106655.6850114929,2.3284899533711245,0.7173208837415315,104691.2582,,465.2098370949735
2025-06-20 10:00:00,105957.65,106200.0,105842.74,105978.82,73.56344708,105029.08864449784,69.38673226374969,292.8502574869199,185.04331113331784,107.80694635360203,104737.65081423943,105700.476,106663.30118576056,1.8217991483038631,0.6445454502626765,104711.27600000001,,454.4148529681179
2025-06-20 11:00:00,105978.81,106100.0,105820.47,106001.7,99.71225191,105121.7182974028,69.64712681413387,331.44842827669345,178.91318553847313,152.53524273822032,105835.20560175662,105952.11799999999,106069.03039824335,0.22068911967076796,0.7120476559586041,104737.1618,,436.9263670627771
2025-06-20 12:00:00,106001.71,106130.99,105879.9,105994.06,123.80062205,105204.79845955492,69.43474317575088,357.30251162164495,163.8138151067397,193.48869651490526,105955.79296474034,105983.33200000001,106010.87103525968,0.05196861570586071,0.6947780650053812,104771.2648,,418.34272977452827
2025-06-20 13:00:00,106001.43,106167.9,105388.89,105686.0,290.23785193,105250.62717769254,61.31551300025488,348.9121494375431,124.33876233811026,224.57338709943286,105684.43374004305,105924.46399999999,106164.49425995693,0.4532102422664899,0.0032626302142670168,104787.8132,,454.40945781360637
2025-06-20 14:00:00,105682.03,105822.82,103864.03,103928.42,454.53877298,105124.70268457897,35.68050398526524,198.15648505468562,-21.13352163579779,219.2900066904834,103910.82961759754,105517.8,107124.77038240246,3.0458754492653597,0.00547315077959281,104775.592,,604.8475158482985
2025-06-20 15:00:00,103929.88,104650.13,103890.21,104244.14,319.8658353,105040.83957176193,40.493332763781865,102.97052025268204,-93.0555891502411,196.02610940292314,103374.02462440335,105170.86399999999,106967.70337559663,3.4169908038344903,0.24212386132392344,104771.25779999999,,620.3547646174934
2025-06-20 16:00:00,104244.15,104289.97,103631.71,103692.21,246.8281375,104912.39866016555,35.49332120883632,-16.807435307317064,-170.26683576819218,153.45940046087512,102818.9564639568,104708.96599999999,106598.97553604317,3.610024257222038,0.2310182883710207,104752.1656,,624.1452882336262
2025-06-20 17:00:00,103682.18,103785.18,102357.25,103283.32,925.38875439,104757.24831157835,32.310325915448715,-143.0770308565261,-237.229145053921,94.15211419739488,102523.27360647064,104166.818,105810.36239352936,3.1556006511197427,0.23122174141497862,104721.37199999999,,704.5237608966223
2025-06-20 18:00:00,103283.32,103455.28,103050.0,103197.42,335.98646298,104608.69323428518,31.667817459421016,-247.22811533688218,-273.10418362742166,25.87606829053947,102884.36756498301,103669.102,104453.83643501699,1.5139215443710274,0.19946393394232165,104696.38220000001,,674.5993843089344
2025-06-20 19:00:00,103196.06,103524.99,103003.24,103326.33,477.51179633,104486.5634024485,33.79548251850463,-315.7271346267662,-273.28256233384457,-42.44457229292166,102775.3770688961,103548.68400000001,104321.99093110392,1.4936103506712153,0.356231729565264,104675.5822,,659.3144456490951
2025-06-20 20:00:00,103326.33,103843.48,103304.47,103721.31,168.91726186,104413.68212602484,39.963769432781326,-334.28805133962305,-233.47478323736112,-100.81326810226194,103006.87668605393,103444.11799999999,103881.35931394604,0.8453671845238316,0.8169782808243605,104677.1712,,647.2840009220066
2025-06-20 21:00:00,103721.36,103756.62,103363.16,103547.81,94.16177789,104331.21811402247,38.27674639401685,-358.8609855011018,-206.43817391907191,-152.4228115820299,103031.5641002606,103415.23800000001,103798.91189973943,0.7420065111476379,0.6727665083421454,104671.754,,621.9016005218505
2025-06-20 22:00:00,103547.81,103553.92,102994.52,103127.23,202.32455971,104216.55257935367,34.47728962850725,-407.57424177574285,-204.12114415497035,-203.4530976207725,102941.58988493409,103384.01999999999,103826.45011506589,0.8558965206922718,0.20979597539179265,104637.48719999999,,615.6514404014172
2025-06-20 23:00:00,103127.22,103359.99,102980.0,103317.8,90.86339722,104130.9570956057,37.50438855738797,-425.8930124550243,-177.9519318674014,-247.94108058762288,102996.90478616724,103408.09599999999,103819.28721383274,0.7952785705149163,0.3902019340852017,104601.509,,592.0852961296818
2025-06-21 00:00:00,103317.79,103366.66,103133.91,103280.05,74.30340993,104049.91832459564,37.13836866504096,-438.4032400532451,-152.36972757249777,-286.03351248074733,102978.71668515394,103398.84,103818.96331484606,0.8126267467721295,0.35862484203772377,104570.00460000001,,556.1517661988934
2025-06-21 01:00:00,103280.04,103550.78,103163.95,103546.9,69.45606044,104002.0118174913,41.48567024368873,-421.9214726153732,-108.71036810770067,-313.21110450767253,103038.40543259928,103363.95800000001,103689.51056740075,0.6299150568532538,0.7809715209138401,104542.63059999999,,539.2195894442207
2025-06-21 02:00:00,103550.77,103569.77,103394.16,103528.67,45.17287333,103956.93164439689,41.27566393840818,-405.6544300629903,-73.95466044425416,-331.6997696187361,103042.97286570027,103360.12999999999,103677.28713429971,0.6136933734501292,0.7657042547255687,104513.28459999998,,502.85863023930216
2025-06-21 03:00:00,103528.67,103722.23,103512.47,103515.31,61.82516145,103914.8724401686,41.11141554627672,-389.35250863236433,-46.12219121090254,-343.2303174214618,103208.91765399963,103437.746,103666.57434600037,0.44244650497386734,0.669480751304893,104490.60859999999,,473.54876702638836
2025-06-21 04:00:00,103514.96,103556.56,103354.0,103414.89,51.15751534,103867.25506491445,39.82849603944942,-380.15399459260516,-29.538941736914694,-350.61505285569046,103257.75873403825,103457.164,103656.56926596176,0.38548372727819824,0.39399979033624927,104464.06,,446.4498901664948
2025-06-21 05:00:00,103414.87,103523.24,103370.98,103451.68,28.00473604,103827.67648730356,40.5603217816002,-365.6801275290636,-12.052059738698517,-353.6280677903651,103391.60042498182,103491.49,103591.37957501819,0.19303920548092152,0.3007299560901861,104430.49540000001,,417.0309009962
2025-06-21 06:00:00,103456.22,103637.07,103345.47,103603.89,53.90526425,103806.36348851274,43.61575413418656,-338.03080002880597,12.477814209247299,-350.50861423805327,103372.08638265019,103502.88799999999,103633.6896173498,0.2527496959308103,0.8860884981639693,104400.3774,,404.48781083762276
2025-06-21 07:00:00,103603.88,103609.71,103394.24,103475.28,24.47728617,103774.831727702,41.66679576382485,-322.7755058331386,22.18648672393175,-344.96199255707035,103362.86172410382,103492.20999999999,103621.55827589617,0.24996717317405118,0.43455653010179207,104371.5004,,385.5860296738989
2025-06-21 08:00:00,103475.27,103850.65,103475.27,103836.14,43.29616301,103780.670610778,48.60614945938112,-278.35844621162687,53.28283707635478,-331.64128328798165,103249.0239832938,103556.376,103863.72801670621,0.5935936126351289,0.9551198378298197,104353.55119999999,,384.5654267026223
2025-06-21 09:00:00,103836.14,103978.93,103678.92,103870.29,56.22865704,103789.20579070391,49.22177601403137,-237.66236307556392,75.18313616993419,-312.8454992454981,103295.17491118958,103647.45599999999,103999.7370888104,0.6797679410682576,0.8162730090798663,104337.70640000001,,376.10988400338573
2025-06-21 10:00:00,103866.35,104013.64,103790.65,103861.26,42.48958042,103796.06809635117,49.05444890253027,-203.78990633846843,87.24447432562374,-291.03438066409217,103408.1739802341,103729.372,104050.5700197659,0.6193000373431347,0.705306371589894,104319.70039999999,,360.7978955558263
2025-06-21 11:00:00,103861.26,103950.95,103750.01,103897.18,39.33852835,103805.69780146057,49.78570527311221,-172.06385155770113,95.17642328511283,-267.24027484281396,103472.85360799452,103788.03,104103.20639200548,0.6073463230884718,0.6731570047259383,104297.1284,,344.81210595587453
2025-06-21 12:00:00,103897.18,103968.39,103767.24,103826.04,67.66369892,103807.63515370242,48.306821390204654,-150.92140007352282,93.05509981543292,-243.97649988895574,103807.61814194256,103858.182,103908.74585805745,0.09737096699313498,0.18216428458157866,104274.81239999998,,330.44589532439977
2025-06-21 13:00:00,103826.05,103900.27,103562.7,103595.86,130.84844358,103787.46609144504,43.77574516821411,-150.99883665915695,74.38213058383906,-225.380967242996,103591.08086142437,103810.12599999999,104029.1711385756,0.422011121681168,0.01090902680311792,104250.6816,,331.15830579356214
2025-06-21 14:00:00,103595.87,103799.99,103411.37,103584.37,114.7688817,103768.1236065455,43.556121453575585,-150.25530308198358,60.10053132880995,-210.35583441079353,103483.16878965181,103752.942,104022.71521034818,0.520029996543487,0.18756719805048006,104226.8654,,336.9044752258336
2025-06-21 15:00:00,103584.37,103717.61,103307.32,103587.05,105.8234163,103750.87850116022,43.62716342786188,-147.74666221004736,50.08733776059694,-197.8339999706443,103427.21829445768,103698.1,103968.98170554233,0.5224429484095231,0.2950212256348735,104212.51379999999,,344.24302771661337
2025-06-21 16:00:00,103587.05,103686.64,103462.51,103512.74,91.91898974,103728.19864390686,42.046900642455256,-150.02534343903244,38.246925225289516,-188.27226866432196,103407.88073932435,103621.212,103834.54326067565,0.41175210472475793,0.24576627997123487,104199.3342,,332.23172492526675
2025-06-21 17:00:00,103512.11,103632.93,103172.32,103209.11,79.66129683,103678.76163020144,36.26647541155067,-174.32214105788444,11.160102085150015,-185.48224314303445,103203.0164922609,103497.826,103792.6355077391,0.5696921744793063,0.010334652681040103,104180.9616,,345.069552451675
2025-06-21 18:00:00,103209.11,103461.51,102625.0,102684.2,197.30971624,103584.04147494416,28.87579260494454,-233.24467889533844,-38.209948601843166,-195.03473029349527,102625.68671159747,103315.494,104005.30128840254,1.335341412397508,0.042412779182160146,104153.9686,,394.2135972717475
2025-06-21 19:00:00,102684.19,102786.48,102217.08,102272.72,278.42914593,103459.15371542567,24.637221198902704,-309.57561675780744,-91.63270917144973,-217.9429075863577,102046.86750845636,103053.164,104059.46049154365,1.9529657362944157,0.11221965565893408,104108.71179999999,,411.73223756550317
2025-06-21 20:00:00,102267.48,102913.52,102219.1,102795.05,355.93934,103395.90574252798,37.23234441006066,-324.18378041918913,-84.99269826626514,-239.191082152924,102035.96178197021,102894.76400000001,103753.56621802981,1.6692826430503291,0.4419458881762301,104076.413,,440.0010138393502
2025-06-21 21:00:00,102794.98,102856.23,101126.0,101479.07,586.53222985,103213.34995752532,25.616435146352558,-436.91298237133014,-158.17752017472492,-278.7354621966052,101316.00304010678,102488.03,103660.05695989322,2.28714896733447,0.06956621540006447,104020.6032,,569.0239125802799
2025-06-21 22:00:00,101479.07,102034.33,101447.53,101810.83,245.00204203,103079.77662823719,31.424867055190663,-493.7893316800328,-172.04309558674203,-321.74623609329075,101202.52507483662,102208.374,103214.22292516337,1.9682319281654412,0.3023838421185248,103970.8036,,570.8015213238004
2025-06-21 23:00:00,101810.08,102335.29,100919.19,102160.03,443.960838,102992.18171126222,37.00120461602563,-504.86693490843754,-146.49655905211745,-358.3703758563201,101215.55756882457,102103.54000000001,102991.52243117544,1.7393763843553995,0.5318080617457792,103927.0118,105091.8844,655.3313692576822
2025-06-22 00:00:00,102160.36,103417.0,101870.48,102908.7,521.95283811,102984.2310720944,46.95961355063309,-448.06953647021146,-71.75932849111308,-376.3102079790984,101126.41443860027,102230.736,103335.05756139974,2.160449204630065,0.8069595051375577,103892.77900000001,105077.16995,744.4502323947885
2025-06-22 01:00:00,102898.38,103052.57,102261.29,102433.19,252.39134143,102931.75096999017,42.37767991605366,-436.3963663380273,-48.06892668714312,-388.3274396508842,101170.1306517202,102158.36399999999,103146.59734827977,1.9347086417315456,0.6390491428357505,103848.00480000001,105062.12039999999,749.1332091582844
2025-06-22 02:00:00,102429.26,102935.07,101916.42,102381.14,337.87747444,102879.3118299911,41.895798130212675,-426.4296790112421,-30.48179148828632,-395.9478875229558,101619.77914655137,102338.778,103057.77685344864,1.4051347250768087,0.5294590177695048,103801.3208,105047.84175,776.0848882578587
2025-06-22 03:00:00,102381.13,102653.01,102161.34,102416.01,129.18082914,102835.18784618241,42.36859915347332,-410.9797709459672,-12.025506738409035,-398.95426420755814,101969.76395054326,102459.814,102949.86404945674,0.956570249984523,0.45530660587774235,103753.4816,105034.15305000002,747.6433994174448
2025-06-22 04:00:00,102416.01,102825.36,102289.93,102582.11,74.61548259,102811.08519416503,44.6778559954056,-380.9414695165178,14.410235752832307,-395.35170526935013,102154.72582965437,102544.23,102933.73417034562,0.7596803259347166,0.5486259235252761,103712.0282,105019.65895000001,726.4220594658781
2025-06-22 05:00:00,102582.1,102966.95,102582.1,102890.06,73.19336695,102818.60660424455,48.77595278469889,-328.5001624761644,53.48123423454865,-381.98139671071306,102164.91457584867,102540.502,102916.08942415132,0.7325640441107318,0.9653483816582326,103677.4686,105005.76074999999,692.2648535050597
2025-06-22 06:00:00,102887.35,102990.17,102728.23,102782.97,78.3387158,102815.21264193555,47.45933932583352,-292.2128687838558,71.81482234148586,-364.0276911253417,102211.32088323348,102610.458,103009.59511676652,0.777965764009201,0.7161061860114043,103647.6114,104990.6488,649.2323681384196
2025-06-22 07:00:00,102782.98,102805.14,102300.01,102468.55,89.16172271,102782.1971522274,43.72726114420193,-285.53452906727034,62.79452964645708,-348.3290587137274,102264.44465621043,102627.94,102991.43534378958,0.7083750171533691,0.28075372529081233,103604.62940000002,104972.39805,634.8221313197155
2025-06-22 08:00:00,102465.65,102743.94,102338.03,102741.71,51.89663959,102778.34123296765,47.583704799891166,-255.2577155677718,74.45707451676452,-329.71479008453633,102393.7817925935,102693.08,102992.37820740651,0.5828984921019168,0.5812400455408596,103564.5938,104956.8044,611.9309181807922
2025-06-22 09:00:00,102741.4,102840.0,102111.8,102232.26,86.34031716,102726.33349649454,41.82652413085888,-269.26753159443615,48.35780679208017,-317.6253383865163,102143.49682403766,102623.11000000002,103102.72317596237,0.9347079346208725,0.09253621502810856,103492.4792,104940.36244999999,623.5578263658906
2025-06-22 10:00:00,102232.82,102573.96,102179.75,102525.15,54.24077365,102707.17316349506,45.88060319495956,-253.81086287921062,51.05158040584456,-304.8624432850552,102150.89073152341,102550.128,102949.36526847658,0.7786187618928899,0.4687178502957476,103423.3754,104925.7775,600.6230437236603
2025-06-22 11:00:00,102525.15,102800.32,102457.65,102765.41,70.95380533,102712.71952887648,49.019199526745204,-219.64246587578964,68.17598192741247,-287.8184478032021,102155.40529716501,102546.616,102937.82670283498,0.7629909559082585,0.779637032441182,103359.44879999998,104913.12234999999,574.8277393455846
2025-06-22 12:00:00,102765.4,102859.11,102591.09,102779.22,97.29374153,102719.05290707872,49.201559610664106,-189.26765379759308,78.84063520448723,-268.1082890020803,102189.21271374682,102608.75,103028.28728625318,0.8177417349946868,0.7031643021797195,103295.4568,104899.8912,544.1469654049132
2025-06-22 13:00:00,102779.21,102840.0,100312.1,100883.33,606.35548025,102544.2221540236,32.18220542219081,-314.5519160862168,-37.15490166730916,-277.39701441890764,100826.06160087217,102237.074,103648.08639912782,2.7602753950642667,0.020293372036713005,103193.08940000001,104877.59530000002,742.5222688999961
2025-06-22 14:00:00,100879.85,101270.22,99100.01,99660.81,1384.76687628,102269.61147268802,25.948989427794096,-506.6474273825879,-183.40033037094418,-323.24709701164375,99224.25051161683,101722.784,104221.31748838317,4.912436310007338,0.08736314530362141,103066.42439999999,104850.1116,885.2910420330397
2025-06-22 15:00:00,99660.81,99847.38,98948.54,98950.3,677.34708676,101953.48657052725,23.143409654691187,-708.0547091403569,-307.8460897029705,-400.20861943738635,97872.1733549624,101007.814,104143.4546450376,6.208709051039545,0.17191489189678377,102931.7104,104819.23295,886.6459378299337
2025-06-22 16:00:00,98948.54,99725.0,98700.01,99698.88,755.79868863,101738.76213523895,31.54152958768841,-798.0676540030836,-318.28722765255776,-479.78042635052583,97706.20056408805,100394.508,103082.81543591195,5.35548704698458,0.37061970838837105,102847.11959999999,104791.9526,900.4803440487493
2025-06-22 17:00:00,99700.98,100400.74,99450.0,99521.3,390.15618668,101527.57526521619,30.684951586522587,-873.6617543485045,-315.10506239838287,-558.5566919501216,98482.26435346127,99742.924,101003.58364653873,2.5278177057226165,0.4120999864600695,102752.6628,104764.965,905.5063096444663
2025-06-22 18:00:00,99521.3,99823.5,99379.0,99463.75,197.39689444,101331.02047805274,30.39684799149099,-927.5225252248347,-295.17266661977044,-632.3498586050642,98921.6446349117,99459.008,99996.3713650883,1.0805725411785696,0.5044122844131914,102668.09360000001,104737.01175,859.4056786751379
2025-06-22 19:00:00,99463.75,99492.3,98825.46,98914.74,245.84889759,101100.89852776201,27.72273968769843,-1002.9467471339449,-296.47751082310447,-706.4692363108404,98674.1030358901,99309.794,99945.48496410988,1.2802180701530608,0.18927197152066383,102580.722,104705.9335,840.1491108057885
2025-06-22 20:00:00,98914.75,99791.35,98225.01,99566.57,506.66140109,100954.77200130848,35.030718474228564,-998.6123711694672,-233.7145078869014,-764.8978632825658,98892.03488528002,99433.048,99974.06111471997,1.088195777162482,0.623399966070252,102508.105,104678.26985,912.7681997314396
2025-06-22 21:00:00,99570.29,99698.6,99039.29,99214.23,214.30128089,100789.00609642196,33.08348030195574,-1011.9431891896675,-197.63626072568127,-814.3069284639862,98849.4094397517,99336.118,99822.8265602483,0.979922650587772,0.3747833817245539,102425.86300000001,104648.97055,887.4223797563403
2025-06-22 22:00:00,99212.39,101016.54,99153.84,101016.54,688.57830868,100810.67599200082,48.77055339474875,-867.0814290722628,-42.219600486621175,-824.8618285856417,98182.31123183799,99635.166,101088.02076816201,2.9163493703859764,0.9753998920854132,102371.76760000002,104629.18344999998,984.9501417874818
2025-06-22 23:00:00,101016.54,101086.49,100684.93,100996.87,287.61059474,100828.40875466741,48.63654535785678,-745.2735950307542,63.67058684391009,-808.9441818746643,98154.44634565839,99941.79000000001,101729.13365434163,3.576769346119611,0.7951530886175984,102320.74879999999,104609.72084999998,926.611127605087
2025-06-23 00:00:00,100996.87,101682.99,100522.05,100959.18,309.68191456,100840.86315898481,48.3623330988825,-644.3535701260844,131.67248939886406,-776.0260595249484,98766.3673233272,100350.67799999999,101934.98867667277,3.157548525327925,0.6920399858940305,102277.38780000001,104592.01225,950.0440148458972
2025-06-23 01:00:00,100959.18,101155.12,100588.66,101150.06,212.21990303,100870.31047717674,49.90281445705001,-542.7152193303773,186.64867215565698,-729.3638914860343,99208.54125664776,100667.37599999999,102126.21074335222,2.8983267495762055,0.6654347766940545,102234.033,104574.45850000001,911.685613359364
2025-06-23 02:00:00,101142.61,101431.81,100958.03,101326.54,166.79267794,100913.76090792181,51.347956945955055,-442.8210673470894,229.23425931115594,-672.0553266582453,100820.40647270647,101089.83799999999,101359.26952729351,0.5330536335284662,0.9392618829312808,102194.9628,104556.39915000001,867.8950520214313
2025-06-23 03:00:00,101326.53,101407.85,101111.58,101200.0,106.53973916,100941.02177383401,50.22911210987069,-369.60438340180553,241.9607546051518,-611.5651380069573,100857.0516298184,101126.53,101396.0083701816,0.532952866436938,0.6363189185656881,102148.0248,104538.86735000001,810.7325468169435
2025-06-23 04:00:00,101199.99,101363.67,101020.2,101215.05,105.92827769,100967.11970013553,50.367629743143624,-306.828299018438,243.78947119081545,-550.6177702092534,100929.70508872384,101170.166,101410.62691127615,0.4753593293029758,0.5933290981927186,102101.7524,104520.2191,764.006292133524
2025-06-23 05:00:00,101220.21,101885.91,101220.2,101804.66,165.67769985,101046.88544297976,55.583072806384514,-207.11372237600153,274.80323826660157,-481.9169606426031,100859.78138927644,101339.262,101818.74261072357,0.9462879465681595,0.9853147234647184,102067.5394,104502.329,754.6916629198621
2025-06-23 06:00:00,101805.41,102111.2,101674.93,101977.08,185.50293265,101135.47540079123,57.005869497144126,-112.87519398234144,295.23341332820934,-408.1086073105508,100858.69444749018,101504.666,102150.63755250981,1.2727918389679043,0.8656616132432757,102038.7832,104484.82565,722.849496626924
2025-06-23 07:00:00,101982.51,102177.39,101786.47,101976.06,137.17447454,101215.53107690635,56.994238351211294,-37.8366296399181,296.21758213650617,-334.05421177642427,100925.93342538929,101634.57,102343.20657461073,1.3944794071755673,0.740948613319588,102009.27079999998,104467.37885,689.656546963338
2025-06-23 08:00:00,101976.06,102118.65,101781.89,101903.31,97.58029065,101281.0338314867,56.11481503584895,15.58203620830318,279.708998387782,-264.1269621794788,101201.02064164831,101775.232,102349.4433583517,1.128391155820094,0.6115251362909729,101975.2592,104448.41595000001,654.3668922661489
2025-06-23 09:00:00,101903.31,101917.33,101420.43,101594.96,189.69616958,101310.9315618213,52.42264582691719,32.65897342603421,237.42874848441042,-204.7697750583762,101565.59025544758,101851.21399999999,102136.83774455241,0.5608646835616837,0.051413345550899256,101937.6528,104429.01899999999,638.6202030391916
2025-06-23 10:00:00,101594.97,101624.76,101235.46,101499.77,101.78956899,101328.91617498119,51.3004787169714,38.072653885232285,194.2739431548868,-156.20128926965452,101385.53346023516,101790.236,102194.93853976484,0.7951696659094875,0.1411364255722469,101890.9254,104408.87895000001,613.688182734782
2025-06-23 11:00:00,101499.88,101611.96,101140.81,101328.51,243.15378599,101328.87749164965,49.257516174175805,28.218498645161162,147.53583033185254,-119.31733168669139,101171.53791692568,101660.522,102149.50608307432,0.9619940434189777,0.16050837696741485,101840.0898,104387.85029999999,599.434364461053
2025-06-23 12:00:00,101328.54,101727.27,101144.35,101717.62,180.64452049,101365.90058768302,53.762889731285235,51.21654227592808,136.42709917009557,-85.21055689416751,101219.76382914132,101608.834,101997.90417085869,0.7658195760000271,0.6398025448210279,101797.217,104368.33714999999,597.7829280149213
2025-06-23 13:00:00,101714.14,102521.28,100835.89,102398.63,575.31130894,101464.25576980844,60.39137938022533,122.97687227409915,166.54994333461332,-43.57307106051418,100971.84760831471,101707.898,102443.94839168529,1.4473809923498573,0.9692151568715806,101767.24600000001,104349.7516,706.5436352149849
2025-06-23 14:00:00,102407.01,102662.55,101548.0,101679.47,593.36128695,101484.75236316002,51.92568055608342,120.42901831513154,131.20167150051657,-10.772653185385032,100996.05450522417,101724.8,102453.54549477584,1.4327784272386632,0.46889860704116926,101724.31460000001,104330.67944999998,747.3442716940119
2025-06-23 15:00:00,101679.48,102109.52,101351.27,101479.84,293.6301325,101484.28451904954,49.83721832741718,101.13552568842715,89.52654309904975,11.608982589377405,100986.98843221697,101720.814,102454.63956778303,1.442822838171608,0.3358097546750713,101681.9942,104310.7253,748.4348445246234
2025-06-23 16:00:00,101479.84,101509.81,99677.07,100743.4,972.40031481,101413.72408866388,42.971020098841194,26.119649406085955,11.608533453366839,14.511115952719116,100543.19220310201,101603.79199999999,102664.39179689797,2.087716956268678,0.09438423309317534,101625.17480000001,104288.25815,856.8653600732908
2025-06-23 17:00:00,100743.41,102764.45,100528.82,102553.58,703.95264519,101522.28179450541,58.21123667285439,111.450690502199,77.5516596395839,33.89903086261509,100457.83069028627,101770.984,103084.13730971373,2.580604526165786,0.7979834853291475,101604.50540000001,104276.2061,994.7418240672547
2025-06-23 18:00:00,102553.58,103377.99,102450.54,103004.67,711.83114038,101663.46162360013,61.00764821560197,213.01978890509054,143.29660643398034,69.72318247111019,100289.68165245769,101892.192,103494.7023475423,3.145501762377061,0.8471047789819751,101594.344,104265.4634,988.0126416604735
2025-06-23 19:00:00,103010.25,103420.0,102731.69,103243.85,376.56761995,101813.97480230487,62.4427467949558,309.24902795118396,191.620676384059,117.62835156712495,100307.2121550475,102205.068,104102.9238449525,3.7138194457294444,0.7736725243813249,101595.0388,104256.6232,958.042377494198
2025-06-23 20:00:00,103245.73,103994.99,102943.24,103801.43,422.05300462,102003.25624970441,65.61948677872212,425.5974171986745,246.37525250523964,179.22216469343488,100581.94144404824,102669.386,104756.83055595176,4.066342728399608,0.7711554653684786,101617.38339999999,104248.98375,967.4131397448423
2025-06-23 21:00:00,103801.44,104293.28,103703.36,103762.97,377.71262404,102170.84803544685,65.20976667950866,508.8354154159606,263.69060057802056,245.14481483794003,102331.07953170345,103273.3,104215.52046829656,1.824712618453275,0.7598489506841621,101647.1884,104239.97025,929.6638257701255
2025-06-23 22:00:00,103763.02,106135.47,103763.0,105631.9,1327.43887769,102500.47203207096,73.77796144948002,717.3401101398485,377.75623624152684,339.5838738983217,102042.99313550259,103888.964,105734.93486449742,3.55373813237259,0.9720919580912558,101703.9254,104239.7012,1073.9474431939127
2025-06-23 23:00:00,105629.69,105770.66,105186.92,105419.39,347.98348193,102778.46421949277,71.618100432822,855.5713084546878,412.78994764509287,442.78136080959496,102442.43887755684,104371.90800000001,106301.37712244318,3.697295870921845,0.7714430585635971,101782.7318,104238.8089,1024.9266988742775
2025-06-24 00:00:00,105418.4,105586.21,104972.5,105207.66,216.46230655,103009.8161985887,69.43698953343,937.231862023822,395.56040097138157,541.6714610524405,103137.83983578559,104764.67,106391.5001642144,3.105684701177233,0.6361512743445854,101850.66840000002,104236.81799999998,983.8050289866659
2025-06-24 01:00:00,105206.89,105575.59,105038.74,105526.17,266.09202038,103249.46894158026,70.87400385316802,1015.9384283583495,379.4135738447271,636.5248545136224,103734.02334520445,105109.61799999999,106485.21265479553,2.6174477292754297,0.6514079741978659,101917.9912,104235.85110000001,939.1095260878178
2025-06-24 02:00:00,105521.23,105521.23,104797.52,104841.98,197.69645727,103401.13666142974,63.92136978250427,1011.4462119154923,299.93708592149596,711.5091259939963,104766.39043727705,105325.42,105884.44956272295,1.061528285807832,0.067607840231885,101956.6568,104232.49305000002,918.0635734789589
2025-06-24 03:00:00,104841.97,105208.29,104772.91,104996.12,119.39333618,103553.03983653168,64.76009641136767,1008.6962849370175,237.74972715441686,770.9465577826006,104688.90532643672,105198.264,105707.62267356327,0.9683784773544756,0.30157008166182664,102007.9154,104230.80410000001,869.795216130904
2025-06-24 04:00:00,104993.13,105041.34,104773.8,104898.61,115.89288082,103681.18937590961,63.75044353459767,987.2680938862177,173.0572288828937,814.210865003324,104595.34050059566,105094.10800000001,105592.87549940436,0.949182611463524,0.304018906370724,102058.2648,104231.48285,809.5696945176355
2025-06-24 05:00:00,104898.61,105503.38,104898.61,105477.4,331.53000436,103852.2570543944,67.03567059635678,1005.3999887166574,152.95129897066658,852.4486897459908,104561.24901972958,105148.05600000001,105734.86298027044,1.1161537409125788,0.7806237920416407,102119.4926,104234.7968,789.0897250658181
2025-06-24 06:00:00,105477.4,105916.27,105312.11,105738.63,248.77193907,104031.91162064255,68.4264947023824,1028.9871998947347,141.23080811899501,887.7563917757396,104482.19348859902,105190.548,105898.90251140097,1.346802588006245,0.8868698449566015,102182.62299999999,104237.0656,770.5967525591925
2025-06-24 07:00:00,105738.62,105859.84,104949.01,104997.25,309.01891265,104123.84860915279,60.61059447754748,976.5994342947233,71.07443401518697,905.5250002795364,104565.4005956262,105221.602,105877.8034043738,1.247275068809163,0.32905248411187643,102224.7668,104234.0556,784.6200773033036
2025-06-24 08:00:00,104994.68,105247.35,104681.83,105079.95,406.2892974,104214.90588447158,61.14376333763481,931.0227013113035,20.398160825413697,910.6245404858898,104602.08629076881,105238.36799999999,105874.64970923116,1.2092200236916908,0.37551268746086647,102270.70640000001,104232.2149,762.7100695729313
2025-06-24 09:00:00,105079.95,105650.79,105035.01,105273.31,91.70518259,104315.70627642667,62.42443180850635,900.1292187594954,-8.39625738111556,908.525476140611,104773.84645832887,105313.308,105852.76954167114,1.0244888360569422,0.4629278485023214,102326.8016,104229.45980000001,748.0170626156125
2025-06-24 10:00:00,105273.31,105432.6,105137.98,105339.02,67.2677409,104413.16472629081,62.87227281725591,870.908863839868,-30.09328984059448,901.0021536804625,104768.96687729265,105285.63199999998,105802.29712270731,0.981454188748814,0.5516659608454575,102378.7478,104227.13940000001,702.6773563539813
2025-06-24 11:00:00,105340.16,105493.52,105064.02,105240.53,111.25132901,104491.96141902501,61.68555588401684,830.2337839018146,-56.61469582291829,886.8484797247329,104931.63457698032,105186.01199999999,105440.38942301966,0.4836715798668597,0.6071596672236804,102438.91320000001,104223.6658,675.3596207185446
2025-06-24 12:00:00,105240.53,105375.48,105018.9,105262.41,107.7322336,104565.33747435597,61.85779573073723,790.6499032221182,-76.95886120209184,867.60876442421,105066.9313896132,105239.044,105411.1566103868,0.32708888991200064,0.5678799767997738,102493.6584,104217.84309999998,643.48165864665
2025-06-24 13:00:00,105262.41,105452.0,104851.26,105134.95,260.56311895,104619.58628632207,60.16112210406893,740.4588866984559,-101.71990218060341,842.1787888790593,105117.53559025117,105250.044,105382.55240974882,0.2517973479399759,0.06571058313144326,102541.0492,104210.52915000002,639.2074927819806
2025-06-24 14:00:00,105134.95,105737.96,104985.71,105588.51,457.52900356,104711.86473524378,63.95034772321288,728.8785872944718,-90.64016126767012,819.5187485621419,105008.32728822125,105313.084,105617.84071177876,0.5787632461295215,0.9518784810225017,102597.235,104205.47480000001,650.5117435037942
2025-06-24 15:00:00,105588.52,105812.65,105201.01,105300.0,398.080072,104767.87761760151,60.038482515896234,688.4843517238915,-104.82751747060047,793.3118691944919,105001.58301997189,105305.28,105608.9769800281,0.576793452385498,0.49130712462219717,102685.5684,104196.57445,646.624569153411
2025-06-24 16:00:00,105300.01,106343.47,105234.99,106284.58,444.03643133,104912.32546354423,67.37329492265722,727.5324651460978,-52.62352323871528,780.1559883848131,104688.44229469325,105514.09,106339.73770530675,1.564999907228978,0.9665973120543875,102818.04380000001,104192.00765,692.810112238108
2025-06-24 17:00:00,106289.26,106366.29,105675.66,106123.58,305.06773994,105027.68303844478,65.26379782721666,736.9914432957303,-34.531636071266234,771.5230793669965,104786.57730208198,105686.324,106586.07069791801,1.7026738443812601,0.7429883882940631,102961.50940000001,104187.76060000001,692.592101014296
2025-06-24 18:00:00,106123.57,106170.47,105583.97,105584.69,221.14203506,105080.73132049767,58.64497327597359,693.015184657459,-62.80631576763005,755.8215004250891,105039.90626528495,105776.272,106512.63773471504,1.3923079737864912,0.36991382748537815,103079.2256,104181.43905000002,681.9828909128593
2025-06-24 19:00:00,105587.41,105744.01,105330.0,105710.77,391.50966012,105140.7350042598,59.67538204714521,660.7209058422013,-76.08047566631024,736.8013815085116,105083.03907697706,105800.724,106518.40892302294,1.3566729902962513,0.4373304376932533,103203.015,104175.49290000001,655.1856018215566
2025-06-24 20:00:00,105704.5,106178.39,105500.0,106145.66,251.02045976,105236.44214671124,63.091447324306706,662.5816172451596,-59.37581141068165,721.9574286558412,105426.48304247035,105969.856,106513.22895752965,1.025523631040219,0.6617710244536894,103336.65319999999,104172.7361,657.5060416394022
2025-06-24 21:00:00,106142.37,106168.96,105779.8,106032.0,225.23177332,105312.20956131017,61.62216330931576,647.4217573216156,-59.628537067380535,707.0502943889961,105462.28940061468,105919.34000000001,106376.39059938534,0.8630163280574243,0.6232467479000151,103478.9984,104166.92445,630.6714374754491
2025-06-24 22:00:00,106033.75,106097.12,105784.63,106074.0,124.17309916,105384.76103166158,61.974563225735466,631.5167758165917,-60.426814857923546,691.9435906745152,105468.66722742074,105909.424,106350.18077257926,0.8323277682621736,0.6866970744850043,103609.147,104159.4213,598.8532937278892
2025-06-24 23:00:00,106073.9,106157.7,105820.01,106141.0,105.71496194,105456.78379055095,62.565093617157935,617.2035649415193,-59.7920205863968,676.9955855279161,105699.29866295242,106020.68600000002,106342.07333704761,0.6062728872506864,0.6871791233364111,103747.68239999999,104152.73525,572.7369643550901
2025-06-25 00:00:00,106141.01,106528.51,105875.0,106451.89,206.7870418,105551.55581049848,65.26098376313192,623.7561938577273,-42.591513336151024,666.3477071938784,105873.41114423468,106168.91,106464.40885576533,0.5566579816357291,0.9788174209119901,103856.38940000001,104145.91205,580.8142679195835
2025-06-25 01:00:00,106451.88,106672.06,106074.24,106447.15,182.49202776,105636.8504952129,65.18390724254036,621.403567580026,-35.95531169108199,657.358879271108,105862.76874634036,106229.20800000001,106595.64725365967,0.6899030136036728,0.7973780753881815,103965.395,104139.1969,582.5148411276249
2025-06-25 02:00:00,106446.56,106865.31,106356.01,106537.56,179.84086083,105722.63235281168,66.00854098686692,619.6910134584177,-30.134292650152247,649.82530610857,105958.38566579742,106330.31999999999,106702.25433420256,0.6995828362080876,0.7785975654067144,104076.9626,104130.31944999998,575.1933570148606
2025-06-25 03:00:00,106537.55,106672.0,106282.51,106301.44,88.5966978,105777.75689063914,61.885915531724606,592.4514794490824,-45.89906132759006,638.3505407766725,106096.22651638076,106375.808,106655.38948361925,0.5256486204443099,0.36700120652252777,104179.9902,104118.3291,556.6230213133701
2025-06-25 04:00:00,106301.44,106396.45,106055.7,106256.06,111.44782989,105823.30956772112,61.09613955915979,560.7383234081644,-62.08977389480651,622.828097302971,106190.46591024232,106398.81999999999,106607.17408975767,0.39164736931795857,0.15741013251520292,104278.5806,104105.38209999999,535.0357191820281
2025-06-25 05:00:00,106256.06,106464.1,106090.88,106270.77,67.01449102,105865.92484698578,61.26868646953087,530.6751006022241,-73.72239736059748,604.3974979628216,106141.17554905941,106362.59599999999,106584.01645094057,0.41635021947110556,0.2926433633164546,104379.996,104093.91625,518.8541472638219
2025-06-25 06:00:00,106273.62,106522.74,106186.91,106460.71,59.67011249,105922.57105203476,63.51864197421842,516.2256228983897,-70.53750005154552,586.7631229499352,106139.52230784319,106365.308,106591.09369215682,0.4245476206524337,0.7112667084629564,104484.9092,104087.5403,500.5517325374364
2025-06-25 07:00:00,106460.71,106771.22,106373.42,106657.35,62.58330067,105992.54999946002,65.73769843416011,514.7082757184835,-57.64387778516141,572.3521535036449,106084.01617062291,106389.26600000002,106694.51582937712,0.5738357653056951,0.9391222765743086,104581.963,104086.56015,490.2765592836913
2025-06-25 08:00:00,106657.77,106735.9,106390.27,106688.0,66.43062268,106058.78333284479,66.08399275685768,510.098863817213,-49.802631749145576,559.9014955663586,106099.84682578272,106466.57800000001,106833.3091742173,0.6889132366352371,0.8018859802041236,104676.1814,104083.63405,475.811903355319
2025-06-25 09:00:00,106696.0,107035.04,106515.38,106706.82,184.83200726,106120.5011106691,66.30916478493417,502.1757192926598,-46.18062101895907,548.3563403116189,106221.02040240286,106556.73000000001,106892.43959759716,0.6301049170655781,0.7235414195397917,104770.7966,104081.00630000001,480.19671301978656
2025-06-25 10:00:00,106706.83,107245.83,106615.79,107190.29,161.84453118,106222.38576679585,71.5370315053931,528.8127346162219,-15.634884556317616,544.4476191725395,106257.81070866565,106740.634,107223.45729133436,0.9046663360353522,0.9656527637236577,104876.53619999999,104079.36935000001,495.1810417178106
2025-06-25 11:00:00,107190.29,107286.5,106929.25,107252.04,171.45796375,106320.44807472006,72.13183460577011,548.5817610421946,3.307313495724088,545.2744475464705,106370.25196540702,106898.9,107427.54803459297,0.9890616921090376,0.8340029442007623,104989.67779999999,104077.47834999999,481.38793754602807
2025-06-25 12:00:00,107252.05,107343.35,106976.5,107291.51,182.49865322,106412.93016284196,72.52703145034283,560.9672744979471,12.554261561181193,548.4130129367659,106485.58360625706,107025.732,107565.88039374295,1.0093804240328743,0.7460231327897595,105105.51260000002,104077.12355,469.93414379142473
2025-06-25 13:00:00,107291.51,108184.86,107206.06,107995.47,652.35785555,106563.6482425713,78.40815584506137,620.4345881798508,57.61726019446792,562.8173279853829,106463.02520712533,107287.226,108111.42679287466,1.5364378847387865,0.9296550101157882,105238.8518,104081.34735,520.8207294122872
2025-06-25 14:00:00,107989.97,108206.0,107290.35,107703.0,707.23235379,106672.15793375498,71.55468057942863,636.6243685496593,59.045632451421056,577.5787360982382,106862.50324528672,107486.46199999998,108110.42075471325,1.1609997075041298,0.6735194821487215,105358.5594,104085.52119999999,560.3036564710611
2025-06-25 15:00:00,107703.0,107721.03,106818.83,107101.15,860.57604173,106713.01432101641,59.943344311176865,594.0428646393848,13.171302832917263,580.8715618064675,106807.83814328226,107468.63399999999,108129.42985671772,1.2297464518209595,0.22193832916466394,105452.60979999999,104087.0647,594.4932908239572
2025-06-25 16:00:00,107101.15,107593.16,107040.04,107213.41,500.37254453,106760.67105234819,61.207818065665656,562.8667819217808,-14.403823907749484,577.2706058295303,106789.3475310746,107460.90800000001,108132.46846892542,1.2498693365319609,0.31572917745140816,105563.2886,104090.19775,590.3559617415622
2025-06-25 17:00:00,107213.4,107611.36,106983.26,107465.34,487.94248187,106827.78238069598,63.9575418317535,552.12361988466,-20.117588755896236,572.2412086405562,106845.12197857871,107495.674,108146.22602142129,1.210378050043741,0.47668595362002675,105682.99859999999,104096.58270000001,594.1303655674068
2025-06-25 18:00:00,107465.33,107621.78,107240.03,107492.0,446.49880558,106891.04120158208,64.24636366456348,539.5413291731384,-26.159903573934344,565.7012327470727,106967.38817201531,107394.98000000001,107822.5718279847,0.7962976071780925,0.6134493150363273,105817.97059999999,104104.19100000002,572.892329010665
2025-06-25 19:00:00,107490.82,107993.02,107457.97,107836.0,819.56543794,106981.03727762187,67.82870630750314,550.9763854057092,-11.779877873090868,562.7562632788,106911.96996540562,107421.58,107931.19003459439,0.9488038336326556,0.9066050233192998,105923.61899999999,104115.07185000001,569.1080961095986
2025-06-25 20:00:00,107834.02,107943.88,107550.92,107846.37,374.52077016,107063.44991784837,67.93301249316255,554.4837783468538,-6.617987945557047,561.1017662924108,107087.858157199,107570.624,108053.38984280099,0.8975793294663589,0.7855897989801136,106020.453,104126.6002,551.4932864986387
2025-06-25 21:00:00,107844.23,108091.8,107510.01,107629.79,211.93023697,107117.38706852948,63.3158193066262,533.6357952854014,-21.972776805607623,555.608572091009,107328.2586186011,107653.9,107979.54138139889,0.6049783266540109,0.46298074910438475,106108.1718,104137.88180000002,554.5229578487757
2025-06-25 22:00:00,107629.79,107641.22,107276.44,107346.74,119.57847857,107139.23020486001,57.787878121878535,488.6410986385599,-53.573978761959324,542.2150774005192,107241.81719374874,107630.18000000001,108018.54280625128,0.7216615381508653,0.13508348966788633,106179.07800000001,104150.3105,535.5486620638974
2025-06-25 23:00:00,107346.73,107454.75,107151.06,107400.22,164.17935081,107164.08637582572,58.524685211937495,452.08649472847173,-72.10286613763799,524.1893608661097,107191.69519868382,107611.824,108031.95280131616,0.7808227492104741,0.24816770554995912,106251.82299999999,104166.07754999999,512.3627958575072
2025-06-26 00:00:00,107400.22,107682.38,107313.44,107389.59,128.34298822,107185.56291146137,58.30683267954791,417.44688773647067,-85.39397850371131,502.840866240182,107143.16149836169,107522.54199999999,107901.92250163828,0.7056762137158135,0.32477749986378185,106286.9768,104184.80885,498.0205162717563
2025-06-26 01:00:00,107389.61,107948.53,107166.22,107696.21,140.02442931,107234.19596751267,62.62818445488021,410.0100801189692,-74.26462889697024,484.27470901593944,107208.6813872082,107492.51000000001,107776.33861279182,0.5280900274666781,0.858843313921651,106332.5132,104204.17935,526.4494646445812
2025-06-26 02:00:00,107696.21,108113.72,107629.49,107990.89,166.06246595,107306.2620658448,66.2487729289305,423.01827836601296,-49.00514451994121,472.0234228859542,107071.44992880379,107564.73000000001,108058.01007119623,0.9171780958241963,0.9319655555580606,106388.17779999999,104221.8922,522.2275181801226
2025-06-26 03:00:00,107990.89,108345.0,107990.88,108039.45,92.41100335,107376.0894881453,66.8192444120082,432.262897751978,-31.80842010718095,464.07131785915897,107147.5551330404,107703.272,108258.9888669596,1.0319405467265645,0.802472373962009,106438.4434,104238.56435,505.41676636210957
